{
  "noise_type": "gaussian",
  "noise_param": 50.0,
  "train_loss": [
    0.029934071086347103,
    0.013586459377780555,
    0.013778292786329985,
    0.013311900697648524,
    0.013476619675755502,
    0.013397574039176107,
    0.013069495789706707,
    0.013195027135312556,
    0.012562544524669646,
    0.013213125195354222,
    0.012203375274315476,
    0.01178573378175497,
    0.012336346585303543,
    0.012239861603826285,
    0.012373576095327734,
    0.013099459050223231,
    0.012417446304112673,
    0.01224905027449131,
    0.012262045904994011,
    0.01237694514542818,
    0.011773974942974746,
    0.011192820423282682,
    0.012598644519224763,
    0.012041257394477724,
    0.01193218146637082,
    0.010872582226991653,
    0.011858205959200858,
    0.011823979152366517,
    0.011859936976805329,
    0.01273507469892502
  ],
  "valid_loss": [
    0.015523375198245048,
    0.013724578749388457,
    0.01245352922938764,
    0.013829791452735662,
    0.013414341323077679,
    0.012925244616344572,
    0.013292726781219243,
    0.01113220639526844,
    0.013262293674051762,
    0.010429676547646522,
    0.012837562244385481,
    0.013063488490879537,
    0.013064423222094773,
    0.012871677298098802,
    0.01179351524449885,
    0.011363114714622497,
    0.011808468215167522,
    0.012727759815752505,
    0.01144581866916269,
    0.01157569132745266,
    0.010168500505387782,
    0.01173108646646142,
    0.013572422936558724,
    0.013405097629874945,
    0.010850030025467276,
    0.010898058637976646,
    0.011506695542484522,
    0.011593860629945994,
    0.012535993456840516,
    0.012999374642968178
  ],
  "valid_psnr": [
    19.321704607009888,
    19.651931867599487,
    20.82012975692749,
    19.835030994415284,
    20.14139142036438,
    20.315220823287962,
    20.00759912490845,
    21.204496021270753,
    20.283103046417235,
    21.137567901611327,
    20.133290586471556,
    20.782396020889284,
    20.22242917060852,
    20.42832471847534,
    20.916778326034546,
    21.278221769332887,
    20.95307927131653,
    20.679351682662965,
    21.627566385269166,
    21.283077325820923,
    21.775550622940063,
    21.341017627716063,
    20.342670688629152,
    20.490070781707765,
    21.49862066268921,
    21.74949429512024,
    21.676185760498047,
    21.063674402236938,
    20.792909650802613,
    20.548178033828734
  ]
}